,Feature,Importance
0,work_life_balance,0.1516481630465623
1,culture_values,0.350903737124074
2,diversity_inclusion,0.11994512863414493
3,career_opp,0.23688973002954197
4,comp_benefits,0.11019755696840809
5,total_employee_estimate,0.030415684197268804
